RequestId,RequestName
a,成都通发众好物业有限责任公司自贡分公司
b,固原宝发农牧有限责任公司
c,富士康电子工业发展（昆山）有限公司
d,广东华科大建筑技术开发有限公司
e,宁波能士通信设备有限公司
f,浙江全思科技股份有限公司
g,广州丹力酒业有限公司
h,北京市电信工程设计院有限公司广州分公司
i,云南牟定兴宏铜业有限公司
j,东莞新乐天牙科器材有限公司
k,新乐天牙科器材公司
l,新乐天
m,云南省药研所